ID_x,NAME_x,NAME_normalized_x,NAME1_y,NAME2_y,TYPE_y,ID_y,NAME1_normalized_y,NAME2_normalized_y,similarity_score
26168,"PAK, Kwang H",PAKKWANGH,"PAK, Kwang Ho","PAK, Kwang-ho",I,26168,PAKKWANGHO,PAKKWANGHO,0.9108771929824562
23587,"RADOMSKAYA, E. Vladimirovna",RADOMSKAYAEVLADIMIROVNA,"RADOMSKAYA, Elena Vladimirovna","RADOMSKA, Olena",I,23587,RADOMSKAYAELENAVLADIMIROVNA,RADOMSKAOLENA,0.8567407407407408
10896,"AL-SUBAIY, Khalifa Muhammad T",ALSUBAIYKHALIFAMUHAMMADT,"AL-SUBAIY, Khalifa Muhammad Turki","ALSUBAIE, Khalifa Mohd Turki",I,10896,ALSUBAIYKHALIFAMUHAMMADTURKI,ALSUBAIEKHALIFAMOHDTURKI,0.8697802197802199
40252,"KHABIROV, R Faritovich",KHABIROVRFARITOVICH,"KHABIROV, Radiy Faritovich","KHABIROV, Rady Faritovich",I,40252,KHABIROVRADIYFARITOVICH,KHABIROVRADYFARITOVICH,0.8520747545137789
30886,"AL-SHAKHAN, F. Ahmad Nuri Ali",ALSHAKHANFAHMADNURIALI,"AL-SHAKHAN, Fuad Ahmad Nuri Ali","AL-CHAMCHAMALI, Bilal",I,30886,ALSHAKHANFUADAHMADNURIALI,ALCHAMCHAMALIBILAL,0.8783056092843327
45863,"DUKHVALOV, Andrey P",DUKHVALOVANDREYP,"DUKHVALOV, Andrey Petrovich","DOUKHVALOV, Andrey",I,45863,DUKHVALOVANDREYPETROVICH,DOUKHVALOVANDREY,0.85625
42057,"VASSILIADES, Christodoulos G.",VASSILIADESCHRISTODOULOSG,"VASSILIADES, Christodoulos Georgiou","VASSILIADES, Christodoulos G.",I,42057,VASSILIADESCHRISTODOULOSGEORGIOU,VASSILIADESCHRISTODOULOSG,1.0
41184,"SVIRIDENKO, O Mikhailovich",SVIRIDENKOOMIKHAILOVICH,"SVIRIDENKO, Oleg Mikhailovich","SVIRIDENKO, Oleg Mikhaylovich",I,41184,SVIRIDENKOOLEGMIKHAILOVICH,SVIRIDENKOOLEGMIKHAYLOVICH,0.8754788069073784
46468,"BARAKA, Ali Abed A Rahman",BARAKAALIABEDARAHMAN,"BARAKA, Ali Abed Al Rahman","BARAKAH, Ali",I,46468,BARAKAALIABEDALRAHMAN,BARAKAHALI,0.9569686411149825
26389,"LACAVA EVANGELISTA, R Alejandro",LACAVAEVANGELISTARALEJANDRO,"LACAVA EVANGELISTA, Rafael Alejandro","LACAVA EVANGELISTA, Rafael",I,26389,LACAVAEVANGELISTARAFAELALEJANDRO,LACAVAEVANGELISTARAFAEL,0.8889993481095176
40217,"NAAJI, A. Ahmed",NAAJIAAHMED,"NAAJI, Ali Ahmed","HAJI, Ali Ahmed",I,40217,NAAJIALIAHMED,HAJIALIAHMED,0.8589160839160839
8216,"A OBAIDI, Tarik Nasser S.",AOBAIDITARIKNASSERS,"AL OBAIDI, Tarik Nasser S.","AL-'UBAYDI, Tarik",I,8216,ALOBAIDITARIKNASSERS,ALUBAYDITARIK,0.9273076923076923
48384,"ALI, Alhaitham A",ALIALHAITHAMA,"ALI, Alhaitham Al","AL ALI, Al Haytham",I,48384,ALIALHAITHAMAL,ALALIALHAYTHAM,0.9603174603174603
17189,"AL-'ALI, H Hamad Hamid",ALALIHHAMADHAMID,"AL-'ALI, Hamid Hamad Hamid","AL-'ALI, Hamad Hamid",I,17189,ALALIHAMIDHAMADHAMID,ALALIHAMADHAMID,0.9403225806451612
16642,"AKSYONOV, Sergey V.",AKSYONOVSERGEYV,"AKSYONOV, Sergey Valeryevich","AKSYONOV, Sergey",I,16642,AKSYONOVSERGEYVALERYEVICH,AKSYONOVSERGEY,0.9415599343185551
45092,"ROMANOV PARTSKHALADZE, O. Anzorovich",ROMANOVPARTSKHALADZEOANZOROVICH,"ROMANOV PARTSKHALADZE, Otar Anzorovich","PHARTSKHALADZE, Otar",I,45092,ROMANOVPARTSKHALADZEOTARANZOROVICH,PHARTSKHALADZEOTAR,0.9108597285067874
46550,"GAICHUK, Nikolai N",GAICHUKNIKOLAIN,"GAICHUK, Nikolai Nikolaevich","GAICHUK, Nikolay",I,46550,GAICHUKNIKOLAINIKOLAEVICH,GAICHUKNIKOLAY,0.8727750410509031
32294,"KHINE, T Thet",KHINETTHET,"KHINE, Thet Thet","KHINE, Daw Thet Thet",I,32294,KHINETHETTHET,KHINEDAWTHETTHET,0.8685618729096991
19710,"MEADOWS, John E.",MEADOWSJOHNE,"MEADOWS, John Edward","MEADOWS, John",I,19710,MEADOWSJOHNEDWARD,MEADOWSJOHN,0.9263504611330698
16452,"FAWAZ, Mustapha R. Darwish",FAWAZMUSTAPHARDARWISH,"FAWAZ, Mustapha Reda Darwish","FAWWAZ, Mustafa",I,16452,FAWAZMUSTAPHAREDADARWISH,FAWWAZMUSTAFA,0.8754545454545455
44684,"CHERKASOVA, I Aleksandrovna",CHERKASOVAIALEKSANDROVNA,"CHERKASOVA, Irina Aleksandrovna","CHERKASOVA, Iryna Oleksandrivna",I,44684,CHERKASOVAIRINAALEKSANDROVNA,CHERKASOVAIRYNAOLEKSANDRIVNA,0.8620879120879121
34070,"PORTNOV, Andriy V",PORTNOVANDRIYV,"PORTNOV, Andriy Volodymyrovych","PORTNOV, Andriy",I,34070,PORTNOVANDRIYVOLODYMYROVYCH,PORTNOVANDRIY,0.9372405372405372
36818,"KULIKOVSKIH, N Germanovna",KULIKOVSKIHNGERMANOVNA,"KULIKOVSKIH, Nina Germanovna","KULIKOVSKIKH, Nina Germanovna",I,36818,KULIKOVSKIHNINAGERMANOVNA,KULIKOVSKIKHNINAGERMANOVNA,0.8806771507863089
48321,"YOUSSEF, Adnan M",YOUSSEFADNANM,"YOUSSEF, Adnan Mahmoud","YOUSSEF, Adnan",I,48321,YOUSSEFADNANMAHMOUD,YOUSSEFADNAN,0.9322307692307692
23952,"PODKOPAEV, Vadim V.",PODKOPAEVVADIMV,"PODKOPAEV, Vadim Vladimirovich","PODKOPAYEV, Vadim",I,23952,PODKOPAEVVADIMVLADIMIROVICH,PODKOPAYEVVADIM,0.8516666666666666
49380,"MIKLASHEVICH, Valyantsin A",MIKLASHEVICHVALYANTSINA,"MIKLASHEVICH, Valyantsin Alfredavich","MIKLASHEVICH, Valiantsin",I,49380,MIKLASHEVICHVALYANTSINALFREDAVICH,MIKLASHEVICHVALIANTSIN,0.8827173913043478
37873,"VYBORNYKH, M Vladimirovich",VYBORNYKHMVLADIMIROVICH,"VYBORNYKH, Maksim Vladimirovich","VYBORNYKH, Maxim Vladimirovich",I,37873,VYBORNYKHMAKSIMVLADIMIROVICH,VYBORNYKHMAXIMVLADIMIROVICH,0.8807407407407408
44602,"NKALUBO, Mohamed A.",NKALUBOMOHAMEDA,"NKALUBO, Mohamed Ali","NKALUBO, Meddie",I,44602,NKALUBOMOHAMEDALI,NKALUBOMEDDIE,0.9141911764705882
21004,"A. ALI ABKAR, Al-Hasan",AALIABKARALHASAN,"ALI ALI ABKAR, Al-Hasan","ALI ALI ABKAR, Al Hassan",I,21004,ALIALIABKARALHASAN,ALIALIABKARALHASSAN,0.9164799253034547
28445,"HIJAZI, Kassem M",HIJAZIKASSEMM,"HIJAZI, Kassem Mohamad","HIJAZI, Kassem",I,28445,HIJAZIKASSEMMOHAMAD,HIJAZIKASSEM,0.9322307692307692
15238,"BARICH, Mohammad N.",BARICHMOHAMMADN,"BARICH, Mohammad Naim","BARAICH, Mullah Naeem",I,15238,BARICHMOHAMMADNAIM,BARAICHMULLAHNAEEM,0.8531194295900179
12588,"KHAN, H. Mohammad",KHANHMOHAMMAD,"ARDESTANI, Mohammad Mahdi Khanpour","KHANI, Mohammad",I,46888,ARDESTANIMOHAMMADMAHDIKHANPOUR,KHANIMOHAMMAD,0.8538461538461538
50480,"AL-SAYYID, Muhammad Ibrahim H.",ALSAYYIDMUHAMMADIBRAHIMH,"AL-SAYYID, Muhammad Ibrahim Habib","AL-SAYYID, Muhammad Habib Ibrahim",I,50480,ALSAYYIDMUHAMMADIBRAHIMHABIB,ALSAYYIDMUHAMMADHABIBIBRAHIM,0.8957802197802199
12926,"AL-BADRI, Dr. I 'Awwad Ibrahim 'Ali",ALBADRIDRIAWWADIBRAHIMALI,"AL-BADRI, Dr. Ibrahim 'Awwad Ibrahim 'Ali","AL-SAMARRA'I, Ibrahim 'Awad Ibrahim al-Badri",I,12926,ALBADRIDRIBRAHIMAWWADIBRAHIMALI,ALSAMARRAIIBRAHIMAWADIBRAHIMALBADRI,0.8754377880184332
12784,"BELLOSO RODRIGUEZ, Miguel A",BELLOSORODRIGUEZMIGUELA,"BELLOSO RODRIGUEZ, Miguel Angel","BELLOZO RODRIGUEZ, Miguel Angel",I,12784,BELLOSORODRIGUEZMIGUELANGEL,BELLOZORODRIGUEZMIGUELANGEL,0.8738835978835979
8315,"AL-ATRUSH, A. al-Wahhab Umar Mirza",ALATRUSHAALWAHHABUMARMIRZA,"AL-ATRUSH, Abd al-Wahhab Umar Mirza","AL-ATRUSHI, Abdel Wahab",I,8315,ALATRUSHABDALWAHHABUMARMIRZA,ALATRUSHIABDELWAHAB,0.9243174603174603
44524,"AJROUCH, A. I.",AJROUCHAI,"AJROUCH, Ali Ismail","AJROUCH, Ali",I,44524,AJROUCHALIISMAIL,AJROUCHALI,0.8542105263157895
42157,"AHMAD, Firas N",AHMADFIRASN,"AHMAD, Firas Nazem","AHMAD, Firas",I,42157,AHMADFIRASNAZEM,AHMADFIRAS,0.9193506493506494
23230,"TOKHTAKHUNOV, Alimzhan T",TOKHTAKHUNOVALIMZHANT,"TOKHTAKHUNOV, Alimzhan Tursunovich","TOKHTAKHUNOV, Alimzan",I,23230,TOKHTAKHUNOVALIMZHANTURSUNOVICH,TOKHTAKHUNOVALIMZAN,0.8869047619047619
48732,"VAHABZADEH MOGHADAM, Seyed M.",VAHABZADEHMOGHADAMSEYEDM,"VAHABZADEH MOGHADAM, Seyed Mohsen","VAHABZADEH MOGHADDAM, Seyed Mohsen",I,48732,VAHABZADEHMOGHADAMSEYEDMOHSEN,VAHABZADEHMOGHADDAMSEYEDMOHSEN,0.8652325959661678
15558,"AL-MAKSUSI, Sayyid Salah M Hantush",ALMAKSUSISAYYIDSALAHMHANTUSH,"AL-MAKSUSI, Sayyid Salah Mahdi Hantush","AL-MUSAWI, Sayyid Salah",I,15558,ALMAKSUSISAYYIDSALAHMAHDIHANTUSH,ALMUSAWISAYYIDSALAH,0.8855555555555557
29787,"PUREBRAHIM, A Akbar",PUREBRAHIMAAKBAR,"PUREBRAHIM, Ali Akbar","POUR-EBRAHIM, Ali-Akbar",I,29787,PUREBRAHIMALIAKBAR,POUREBRAHIMALIAKBAR,0.8712418300653595
33401,"MARSHALOV, I Anatolievich",MARSHALOVIANATOLIEVICH,"MARSHALOV, Igor Anatolievich","MARSHALAU, Ihar Anatolievich",I,33401,MARSHALOVIGORANATOLIEVICH,MARSHALAUIHARANATOLIEVICH,0.8703510638297873
36407,"MEDVEDEV, Dmitry A",MEDVEDEVDMITRYA,"MEDVEDEV, Dmitry Anatolievich","MEDVEDEV, Dmitry",I,36407,MEDVEDEVDMITRYANATOLIEVICH,MEDVEDEVDMITRY,0.9399115826702035
11972,"CAMARA, Ibraima P",CAMARAIBRAIMAP,"CAMARA, Ibraima Papa","CAMARA, Ibrahima Papa",I,11972,CAMARAIBRAIMAPAPA,CAMARAIBRAHIMAPAPA,0.8731067793686389
26226,"DIAZ GUILLEN, Claudia P.",DIAZGUILLENCLAUDIAP,"DIAZ GUILLEN, Claudia Patricia","DIAZ-GUILLEN, Claudia",I,26226,DIAZGUILLENCLAUDIAPATRICIA,DIAZGUILLENCLAUDIA,0.9520892603129446
9399,"ARRIOLA MARQUEZ, Luis R",ARRIOLAMARQUEZLUISR,"ARRIOLA MARQUEZ, Luis Raul","ARREOLA MARQUEZ, Luis Raul",I,9399,ARRIOLAMARQUEZLUISRAUL,ARREOLAMARQUEZLUISRAUL,0.8785033259423504
13121,"SALAZAR HERNANDEZ, M. Alejandrina",SALAZARHERNANDEZMALEJANDRINA,"SALAZAR HERNANDEZ, Maria Alejandrina","SALAZAR HERNANDEZ, Alejandrina",I,13121,SALAZARHERNANDEZMARIAALEJANDRINA,SALAZARHERNANDEZALEJANDRINA,0.9541727837380011
37416,"ABDALLAH, Ahmad Jalal R",ABDALLAHAHMADJALALR,"ABDALLAH, Ahmad Jalal Reda","ABDALLAH, Ahmed Jalal Rida",I,37416,ABDALLAHAHMADJALALREDA,ABDALLAHAHMEDJALALRIDA,0.8860033259423503
18556,"JANG, Bom S",JANGBOMS,"JANG, Bom Su","JANG, Pom Su",I,18556,JANGBOMSU,JANGPOMSU,0.9004084967320262
32171,"AL-JAMAL, Sa'id A. Muhammad",ALJAMALSAIDAMUHAMMAD,"AL-JAMAL, Sa'id Ahmad Muhammad","AL GAMAL, Saeed Ahmed Mohammed",I,32171,ALJAMALSAIDAHMADMUHAMMAD,ALGAMALSAEEDAHMEDMOHAMMED,0.8560606060606061
19891,"AL-QAYSI, Nayif Salih S",ALQAYSINAYIFSALIHS,"AL-QAYSI, Nayif Salih Salim","AL QAYSI, Nayif Salih Salim",I,19891,ALQAYSINAYIFSALIHSALIM,ALQAYSINAYIFSALIHSALIM,0.8785227272727273
26424,"DOMINGUEZ RAMIREZ, Jose M",DOMINGUEZRAMIREZJOSEM,"DOMINGUEZ RAMIREZ, Jose Miguel","DOMINGUEZ, Miguel",I,26424,DOMINGUEZRAMIREZJOSEMIGUEL,DOMINGUEZMIGUEL,0.8611620294599018
23043,"AL-DHUBHANI, A Abduh Fari Uthman",ALDHUBHANIAABDUHFARIUTHMAN,"AL-DHUBHANI, Adil Abduh Fari Uthman","BIN-UTHMAN, Adil Abdu Bin-Fari",I,23043,ALDHUBHANIADILABDUHFARIUTHMAN,BINUTHMANADILABDUBINFARI,0.8886856247201076
9354,"AL-TIKRITI, Sa'd Sabawi Ibrahim H.",ALTIKRITISADSABAWIIBRAHIMH,"AL-TIKRITI, Sa'd Sabawi Ibrahim Hasan","AL-TIKRITI, Sa'ad Sabawi Ibrahim Hasan",I,9354,ALTIKRITISADSABAWIIBRAHIMHASAN,ALTIKRITISAADSABAWIIBRAHIMHASAN,0.8906227106227106
46168,"YAGHMOUR, J. Muhammad Shaker",YAGHMOURJMUHAMMADSHAKER,"YAGHMOUR, Jihad Muhammad Shaker","YAGHMOUR, Jihad",I,46168,YAGHMOURJIHADMUHAMMADSHAKER,YAGHMOURJIHAD,0.8667407407407408
48670,"EBRAHIMI FORUSHANI, Hamid H.",EBRAHIMIFORUSHANIHAMIDH,"EBRAHIMI FORUSHANI, Hamid Hajji","EBRAHIMI FORUSHAN, Hamid Hajji",I,48670,EBRAHIMIFORUSHANIHAMIDHAJJI,EBRAHIMIFORUSHANHAMIDHAJJI,0.8776103059581322
47398,"SABERIAN, Reza Mohammad A",SABERIANREZAMOHAMMADA,"SABERIAN, Reza Mohammad Amin","SABERIAN, Mohammadamin",I,47398,SABERIANREZAMOHAMMADAMIN,SABERIANMOHAMMADAMIN,0.9014285714285715
38719,"KRYLLO, Pavel V",KRYLLOPAVELV,"KRYLLO, Pavel Velerevich","KRYLLO, Pavel",I,38719,KRYLLOPAVELVELEREVICH,KRYLLOPAVEL,0.9263504611330698
33175,"PECHAN, I Mikalaevich",PECHANIMIKALAEVICH,"PECHAN, Ihar Mikalaevich","PECHEN, Igor Nikolaevich",I,33175,PECHANIHARMIKALAEVICH,PECHENIGORNIKOLAEVICH,0.8566223250433778
45108,"ONISHCHENKO, Aleksandr V",ONISHCHENKOALEKSANDRV,"ONYSHCHENKO, Oleksandr","ONISHCHENKO, Oleksandr",I,30877,ONYSHCHENKOOLEKSANDR,ONISHCHENKOOLEKSANDR,0.8717717242107487
40240,"NIKOLAYEV, O. Alekseyevich",NIKOLAYEVOALEKSEYEVICH,"NIKOLAYEV, Oleg Alekseyevich","NIKOLAEV, Oleg Alekseevich",I,40240,NIKOLAYEVOLEGALEKSEYEVICH,NIKOLAEVOLEGALEKSEEVICH,0.8899939209726444
50621,"AL-KUHLANI, Hasan A Hasan Muhammad",ALKUHLANIHASANAHASANMUHAMMAD,"AL-KUHLANI, Hasan Ahmad Hasan Muhammad","AL-DAHRAH, Ebrahim Mohammad Ghaleb",I,50621,ALKUHLANIHASANAHMADHASANMUHAMMAD,ALDAHRAHEBRAHIMMOHAMMADGHALEB,0.9027272727272728
7847,"AL-TIKRITI, A Hassan al-Majid",ALTIKRITIAHASSANALMAJID,"AL-TIKRITI, Ali Hassan al-Majid",AL-KIMAWI,I,7847,ALTIKRITIALIHASSANALMAJID,ALKIMAWI,0.9145909090909091
34976,"VOLFOVICH, Aleksandr G",VOLFOVICHALEKSANDRG,"VOLFOVICH, Alexander","VOLFOVICH, Aleksandr",I,39784,VOLFOVICHALEXANDER,VOLFOVICHALEKSANDR,0.9541725936462779
26694,"ARREAZA MONTSERRAT, J Alberto",ARREAZAMONTSERRATJALBERTO,"ARREAZA MONTSERRAT, Jorge Alberto","ARREAZA, Jorge",I,26694,ARREAZAMONTSERRATJORGEALBERTO,ARREAZAJORGE,0.8649130562923667
48697,"KHOUIER, Hamama O",KHOUIERHAMAMAO,"KHOUIER, Hamama Ould","KOIYA, Hamza Ould",I,48697,KHOUIERHAMAMAOULD,KOIYAHAMZAOULD,0.85422566048752
33018,"LARIN, Oleg V",LARINOLEGV,"LARIN, Oleg Valentinovich","LARIN, Oleg",I,33018,LARINOLEGVALENTINOVICH,LARINOLEG,0.9108771929824562
34797,"VEDYAKHIN, Alexander A.",VEDYAKHINALEXANDERA,"VEDYAKHIN, Alexander Aleksandrovich","VEDYAKHIN, Alexander",I,34797,VEDYAKHINALEXANDERALEKSANDROVICH,VEDYAKHINALEXANDER,0.9541725936462779
49073,"AL-JAMAL, 'Abdallah N. A.",ALJAMALABDALLAHNA,"AL-JAMAL, 'Abdallah Najib Ahmad","AL-JAMAL, 'Abdallah",I,49073,ALJAMALABDALLAHNAJIBAHMAD,ALJAMALABDALLAH,0.8880373303167421
11459,"ALVI, Mohammad Masood A.",ALVIMOHAMMADMASOODA,"ALVI, Mohammad Masood Azhar","ESAH, Wali Adam",I,11459,ALVIMOHAMMADMASOODAZHAR,ESAHWALIADAM,0.856863354037267
11914,"VELASQUEZ CABALLERO, J. Daniel",VELASQUEZCABALLEROJDANIEL,"VELASQUEZ CABALLERO, Juan Daniel","VELASQUEZ CABALLERO, Daniel",I,11914,VELASQUEZCABALLEROJUANDANIEL,VELASQUEZCABALLERODANIEL,0.9403775510204082
26194,"BOYARKIN, V. A.",BOYARKINVA,"BOYARKIN, Victor Alekseyevich","BOYARKIN, V.A.",I,26194,BOYARKINVICTORALEKSEYEVICH,BOYARKINVA,1.0
15611,"E. TILEMSI, Ahmed",ETILEMSIAHMED,"EL TILEMSI, Ahmed","TILEMSI, Ahmed",I,15611,ELTILEMSIAHMED,TILEMSIAHMED,0.9322307692307692
26990,"MOUSSA, B. Ag",MOUSSABAG,"MOUSSA, Bah Ag","MOUSSA, Ba Ag",I,26990,MOUSSABAHAG,MOUSSABAAG,0.9108771929824562
37820,"PANCHENKO, I Vladimirovich",PANCHENKOIVLADIMIROVICH,"PANCHENKO, Igor Vladimirovich","PANCHENKO, Igor",I,37820,PANCHENKOIGORVLADIMIROVICH,PANCHENKOIGOR,0.8754788069073784
19494,"RI, Yong M",RIYONGM,"RI, Yong Mu","RI, Yong-Mu",I,19494,RIYONGMU,RIYONGMU,0.8871428571428572
35282,"MISHUSTIN, Mikhail V.",MISHUSTINMIKHAILV,"MISHUSTIN, Mikhail Vladimirovich","MISHUSTIN, Mikhail",I,35282,MISHUSTINMIKHAILVLADIMIROVICH,MISHUSTINMIKHAIL,0.947379679144385
24519,"AL-SAYYID, Ibrahim A",ALSAYYIDIBRAHIMA,"AL-SAYYID, Ibrahim Amin","SAYYED, Ibrahim Amin",I,24519,ALSAYYIDIBRAHIMAMIN,SAYYEDIBRAHIMAMIN,0.8611278195488721
13104,"OVERDICK MEJIA, H. Walter",OVERDICKMEJIAHWALTER,"OVERDICK MEJIA, Horst Walter","OVERDICK MEJIA, Walther",I,13104,OVERDICKMEJIAHORSTWALTER,OVERDICKMEJIAWALTHER,0.8592857142857142
35096,"PUTIN, Vladimir V.",PUTINVLADIMIRV,"PUTIN, Vladimir Vladimirovich","PUTIN, Vladimir",I,35096,PUTINVLADIMIRVLADIMIROVICH,PUTINVLADIMIR,0.9372405372405372
